行政區,名稱,開放時間,是否有沙坑,是否有廁所,GoogleMap導航,圖片網址,詳細頁網址,經度,緯度,地址
北投區,榮富公園,00:00~24:00,無,有,https://www.google.com/maps/search/?api=1&query=%E6%A6%AE%E8%8F%AF%E4%B8%89%E8%B7%AF%E3%80%81%E7%A3%BA%E6%BA%AA%E6%97%81,https://www.google.com/images/cleardot.gif,https://play4u.gov.taipei/News_Content.aspx?n=4773608F226124D4&sms=7B56BA5392EB632C&s=E9C4254FCD906D5B,121.5247,25.11433,臺北市北投區榮華三路與磺溪旁
萬華區,和平青草園公園,00:00~24:00,無,有,https://www.google.com/maps/search/?api=1&query=%E8%89%8B%E8%88%BA%E5%A4%A7%E9%81%93%E8%88%87%E8%A5%BF%E5%9C%92%E8%B7%AF%E4%BA%8C%E6%AE%B5%E4%BA%A4%E5%8F%89%E5%8F%A3%28%E5%85%AC%E5%9C%92%E5%85%A7%E7%84%A1%E9%9A%9C%E7%A4%99%E8%B7%AF%E7%B7%9A%E5%9C%96%29,https://www.google.com/images/cleardot.gif,https://play4u.gov.taipei/News_Content.aspx?n=4773608F226124D4&sms=7B56BA5392EB632C&s=3AA293074F5855AD,121.49722,25.03267,臺北市萬華區艋舺大道與西園路2段交叉口
南港區,山水綠生態公園,夏季(5月至10月) 05:00~21:00冬季(11月至4月) 06:00~20:00自110年3月1日起每周一休園,無,有,https://www.google.com/maps/search/?api=1&query=%E8%87%BA%E5%8C%97%E5%B8%82%E5%8D%97%E6%B8%AF%E5%8D%80%E5%8D%97%E6%B7%B1%E8%B7%AF37%E8%99%9F,https://www.google.com/images/cleardot.gif,https://play4u.gov.taipei/News_Content.aspx?n=4773608F226124D4&sms=7B56BA5392EB632C&s=0155336C3506EE72,121.62499,25.0293,臺北市南港區南深路37號
大同區,建成公園,00:00~24:00,無,有,https://www.google.com/maps/search/?api=1&query=%E8%87%BA%E5%8C%97%E5%B8%82%E5%A4%A7%E5%90%8C%E5%8D%80%E6%89%BF%E5%BE%B7%E8%B7%AF%E4%BA%8C%E6%AE%B535%E8%99%9F%E6%97%81,https://www.google.com/images/cleardot.gif,https://play4u.gov.taipei/News_Content.aspx?n=4773608F226124D4&sms=7B56BA5392EB632C&s=8F88D647FB637BD2,121.51858,25.05417,臺北市大同區承德路2段35號旁
內湖區,潭美國小,(一)週一至週五19:00~21:00(目前紅火蟻防治暫停開放)(二)週六、週日05:00~18:00(目前紅火蟻防治暫停開放),無,有,https://www.google.com/maps/search/?api=1&query=%E8%87%BA%E5%8C%97%E5%B8%82%E5%85%A7%E6%B9%96%E5%8D%80%E8%A1%8C%E5%96%84%E8%B7%AF179%E8%99%9F,https://www.google.com/images/cleardot.gif,https://play4u.gov.taipei/News_Content.aspx?n=4773608F226124D4&sms=7B56BA5392EB632C&s=0439AECF2E9C6F91,121.58107,25.05921,臺北市內湖區行善路179號
大安區,古亭國小,週一至週五17:30~19:00；週六至週日9:00~19:00,無,有,https://www.google.com/maps/search/?api=1&query=%E8%87%BA%E5%8C%97%E5%B8%82%E5%A4%A7%E5%AE%89%E5%8D%80%E7%BE%85%E6%96%AF%E7%A6%8F%E8%B7%AF%E4%B8%89%E6%AE%B5201%E8%99%9F,https://www.google.com/images/cleardot.gif,https://play4u.gov.taipei/News_Content.aspx?n=4773608F226124D4&sms=7B56BA5392EB632C&s=06703E1ECDFE5DBC,121.52848,25.02067,臺北市大安區羅斯福路3段201號
北投區,文林國小,週一至週五5:00-9:00 、18:30-21:00週六至週日05:00~21:00,無,有,https://www.google.com/maps/search/?api=1&query=%E8%87%BA%E5%8C%97%E5%B8%82%E5%8C%97%E6%8A%95%E5%8D%80%E6%96%87%E6%9E%97%E5%8C%97%E8%B7%AF155%E8%99%9F,https://www.google.com/images/cleardot.gif,https://play4u.gov.taipei/News_Content.aspx?n=4773608F226124D4&sms=7B56BA5392EB632C&s=0586ED4AC41C7965,121.51475,25.10593,臺北市北投區文林北路155號
北投區,榮華公園,00:00~24:00,無,有,https://www.google.com/maps/search/?api=1&query=%E8%87%BA%E5%8C%97%E5%B8%82%E5%8C%97%E6%8A%95%E5%8D%80%E6%98%8E%E5%BE%B7%E8%B7%AF150%E5%B7%B7,,https://play4u.gov.taipei/News_Content.aspx?n=4773608F226124D4&sms=7B56BA5392EB632C&s=C80DB97C32E565ED,121.52212,25.11081,臺北市北投區明德路150巷
內湖區,石潭公園,00:00~24:00,有,有,https://www.google.com/maps/search/?api=1&query=%E5%85%A7%E6%B9%96%E5%8D%80%E5%AE%89%E5%BA%B7%E8%B7%AF4%E8%99%9F%28%E5%85%AC%E5%9C%92%E5%85%A7%E7%84%A1%E9%9A%9C%E7%A4%99%E8%B7%AF%E7%B7%9A%E5%9C%96%29,https://www.google.com/images/cleardot.gif,https://play4u.gov.taipei/News_Content.aspx?n=4773608F226124D4&sms=7B56BA5392EB632C&s=3E7422404E505948,121.59173,25.06351,臺北市內湖區成功路2段東側
文山區,萬芳4號公園,00:00~24:00,有,有,https://www.google.com/maps/search/?api=1&query=%E8%87%BA%E5%8C%97%E5%B8%82%E6%96%87%E5%B1%B1%E5%8D%80%E8%90%AC%E5%92%8C%E8%A1%971%E8%99%9F%E5%B0%8D%E9%9D%A2,https://www.google.com/images/cleardot.gif,https://play4u.gov.taipei/News_Content.aspx?n=4773608F226124D4&sms=7B56BA5392EB632C&s=26F469620122A80B,121.56839,25.00121,臺北市文山區萬和街1號對面
內湖區,樂活公園,00:00~24:00,無,有,https://www.google.com/maps/search/?api=1&query=%E8%87%BA%E5%8C%97%E5%B8%82%E5%85%A7%E6%B9%96%E5%8D%80%E5%BA%B7%E6%A8%82%E8%A1%9761%E5%B7%B715%E8%99%9F%E6%97%81,https://www.google.com/images/cleardot.gif,https://play4u.gov.taipei/News_Content.aspx?n=4773608F226124D4&sms=7B56BA5392EB632C&s=C12602D96E42F3A7,121.6186,25.06819,臺北市內湖區康樂街61巷15號旁
文山區,興隆公園,00:00~24:00,無,有,https://www.google.com/maps/search/?api=1&query=%E8%87%BA%E5%8C%97%E5%B8%82%E6%96%87%E5%B1%B1%E5%8D%80%E8%88%88%E9%9A%86%E8%B7%AF%E4%BA%8C%E6%AE%B5154%E5%B7%B7%E8%88%87%E4%BB%99%E5%B2%A9%E8%B7%AF%E4%BA%A4%E5%8F%A3,https://www.google.com/images/cleardot.gif,https://play4u.gov.taipei/News_Content.aspx?n=4773608F226124D4&sms=7B56BA5392EB632C&s=C7AFAD15F98A0885,121.55175,24.99998,臺北市文山區興隆路2段154巷與仙岩路交口
內湖區,大港墘公園,00:00~24:00,有,有,https://www.google.com/maps/search/?api=1&query=%E8%87%BA%E5%8C%97%E5%B8%82%E5%85%A7%E6%B9%96%E5%8D%80%E7%91%9E%E5%85%89%E8%B7%AF393%E5%B7%B7%E6%97%81,https://www.google.com/images/cleardot.gif,https://play4u.gov.taipei/News_Content.aspx?n=4773608F226124D4&sms=7B56BA5392EB632C&s=9B9B9AD2D0F5A685,121.57374,25.07799,臺北市內湖區瑞光路393巷旁
信義區,眷村文化公園,00:00~24:00,無,有,https://www.google.com/maps/search/?api=1&query=%E8%87%BA%E5%8C%97%E5%B8%82%E4%BF%A1%E7%BE%A9%E5%8D%80%E6%9D%BE%E5%8B%A4%E8%B7%AF%E8%88%87%E8%8E%8A%E6%95%AC%E8%B7%AF%E4%BA%A4%E5%8F%A3%2C%E4%BF%A1%E7%BE%A9%E5%9C%8B%E5%B0%8F%E8%A5%BF%E5%81%B4,https://www.google.com/images/cleardot.gif,https://play4u.gov.taipei/News_Content.aspx?n=4773608F226124D4&sms=7B56BA5392EB632C&s=BBDB7FF60AD80796,121.56262,25.03013,臺北市信義區松勤路與莊敬路交口(信義國小西側)
文山區,景華公園,00:00~24:00,無,有,https://www.google.com/maps/search/?api=1&query=%E8%87%BA%E5%8C%97%E5%B8%82%E6%96%87%E5%B1%B1%E5%8D%80%E6%99%AF%E8%88%88%E8%B7%AF%E8%88%87%E6%99%AF%E8%8F%AF%E8%A1%97%E4%BA%A4%E5%8F%A3,https://www.google.com/images/cleardot.gif,https://play4u.gov.taipei/News_Content.aspx?n=4773608F226124D4&sms=7B56BA5392EB632C&s=C3AA1725AEB87A9E,121.54318,24.99574,臺北市文山區景興路與景華街交口
中山區,明水公園,00:00~24:00,無,有,https://www.google.com/maps/search/?api=1&query=%E8%87%BA%E5%8C%97%E5%B8%82%E4%B8%AD%E5%B1%B1%E5%8D%80%E6%98%8E%E6%B0%B4%E8%B7%AF397%E5%B7%B7%28%E5%85%AC%E5%9C%92%E5%85%A7%E7%84%A1%E9%9A%9C%E7%A4%99%E8%B7%AF%E7%B7%9A%E5%9C%96%29,https://www.google.com/images/cleardot.gif,https://play4u.gov.taipei/News_Content.aspx?n=4773608F226124D4&sms=7B56BA5392EB632C&s=96B17D7152F34C06,121.54869,25.07912,臺北市中山區明水路397巷
松山區,三民公園,00:00~24:00,有,有,https://www.google.com/maps/search/?api=1&query=%E8%87%BA%E5%8C%97%E5%B8%82%E6%9D%BE%E5%B1%B1%E5%8D%80%E4%B8%89%E6%B0%91%E8%B7%AF%E3%80%81%E6%92%AB%E9%81%A0%E8%A1%97298%E8%99%9F,,https://play4u.gov.taipei/News_Content.aspx?n=4773608F226124D4&sms=7B56BA5392EB632C&s=E478DAADE7C6A69D,121.56744,25.06185,臺北市松山區三民路、撫遠街298號
南港區,聯成公園,00:00~24:00,無,有,https://www.google.com/maps/search/?api=1&query=%E8%87%BA%E5%8C%97%E5%B8%82%E5%8D%97%E6%B8%AF%E5%8D%80%E5%BF%A0%E5%AD%9D%E6%9D%B1%E8%B7%AF%E5%85%AD%E6%AE%B5250%E5%B7%B71%E5%BC%84,https://www.google.com/images/cleardot.gif,https://play4u.gov.taipei/News_Content.aspx?n=4773608F226124D4&sms=7B56BA5392EB632C&s=9D4297813AC67968,121.58887,25.04829,臺北市南港區忠孝東路6段250巷1弄
士林區,福中公園,00:00~24:00,無,有,https://www.google.com/maps/search/?api=1&query=%E5%A3%AB%E6%9E%97%E5%8D%80%E7%A6%8F%E6%B8%AF%E8%A1%97129%E5%B7%B7%E5%8F%8A107%E5%B7%B7%E4%BA%A4%E6%9C%83%E8%99%95,https://www.google.com/images/cleardot.gif,https://play4u.gov.taipei/News_Content.aspx?n=4773608F226124D4&sms=7B56BA5392EB632C&s=D704D250E15EE061,121.51895,25.08827,臺北市士林區福港街129巷及107巷交會處
南港區,玉成公園,00:00~24:00,有,有,https://www.google.com/maps/search/?api=1&query=%E8%87%BA%E5%8C%97%E5%B8%82%E5%8D%97%E6%B8%AF%E5%8D%80%E4%B8%AD%E5%9D%A1%E5%8D%97%E8%B7%AF55%E8%99%9F,https://www-ws.gov.taipei/001/Upload/348/relpic/40754/7675963/c9919d81-0a72-4f40-befa-24a0c7951780.jpg,https://play4u.gov.taipei/News_Content.aspx?n=4773608F226124D4&sms=7B56BA5392EB632C&s=08189D7578835058,121.5857,25.04276,臺北市南港區中坡南路55號
北投區,石牌公園,00:00~24:00,無,有,https://www.google.com/maps/search/?api=1&query=%E8%87%BA%E5%8C%97%E5%B8%82%E5%8C%97%E6%8A%95%E5%8D%80%E7%9F%B3%E7%89%8C%E8%B7%AF%E4%B8%80%E6%AE%B539%E5%B7%B7%E5%85%A7,https://www.google.com/images/cleardot.gif,https://play4u.gov.taipei/News_Content.aspx?n=4773608F226124D4&sms=7B56BA5392EB632C&s=1111974B0799B242,121.50957,25.11741,臺北市北投區石牌路1段39巷內
北投區,立農公園,00:00~24:00,有,有,https://www.google.com/maps/search/?api=1&query=%E8%87%BA%E5%8C%97%E5%B8%82%E5%8C%97%E6%8A%95%E5%8D%80%E6%89%BF%E5%BE%B7%E8%B7%AF%E4%B8%83%E6%AE%B5%E8%88%87%E5%90%89%E5%88%A9%E8%A1%97%E5%8F%A3,https://www.google.com/images/cleardot.gif,https://play4u.gov.taipei/News_Content.aspx?n=4773608F226124D4&sms=7B56BA5392EB632C&s=9F81C7C66021864D,121.50356,25.11907,臺北市北投區承德路7段與吉利街口
南港區,四分綠地,00:00~24:00,無,有,https://www.google.com/maps/search/?api=1&query=%E5%8D%97%E6%B8%AF%E5%8D%80%E7%A0%94%E7%A9%B6%E9%99%A2%E8%B7%AF3%E6%AE%B586%E5%B7%B727%E5%BC%8412%E8%99%9F%E6%97%81%28%E5%85%AC%E5%9C%92%E5%85%A7%E7%84%A1%E9%9A%9C%E7%A4%99%E8%B7%AF%E7%B7%9A%E5%9C%96%29,https://www-ws.gov.taipei/001/Upload/348/relpic/40754/9556332/4c910eb5-2522-467f-ad35-59ad369169d4.jpg,https://play4u.gov.taipei/News_Content.aspx?n=4773608F226124D4&sms=7B56BA5392EB632C&s=81F14159AE6D938E,121.61463,25.03628,臺北市南港區研究院路2段182巷58弄旁
北投區,磺港公園,00:00~24:00,有,有,https://www.google.com/maps/search/?api=1&query=%E8%87%BA%E5%8C%97%E5%B8%82%E5%8C%97%E6%8A%95%E5%8D%80%E7%A3%BA%E6%B8%AF%E8%B7%AF%E8%88%87%E5%A4%A7%E8%88%88%E8%A1%97%E4%BA%A4%E5%8F%89%E5%8F%A3,https://www.google.com/images/cleardot.gif,https://play4u.gov.taipei/News_Content.aspx?n=4773608F226124D4&sms=7B56BA5392EB632C&s=BEEB85A8A89621AE,121.50429,25.13086,臺北市北投區磺港路與大興街交叉口
中山區,大佳河濱公園,全天開放,有,有,https://www.google.com/maps/search/?api=1&query=%E8%87%BA%E5%8C%97%E5%B8%82%E4%B8%AD%E5%B1%B1%E5%8D%80%E6%BF%B1%E6%B1%9F%E8%A1%97,https://www.google.com/images/cleardot.gif,https://play4u.gov.taipei/News_Content.aspx?n=4773608F226124D4&sms=7B56BA5392EB632C&s=B496F4561F06B716,121.52962,25.07518,臺北市中山區濱江街
大同區,樹德公園,00:00~24:00,無,有,https://www.google.com/maps/search/?api=1&query=%E8%87%BA%E5%8C%97%E5%B8%82%E5%A4%A7%E5%90%8C%E5%8D%80%E5%A4%A7%E9%BE%8D%E8%A1%97129%E8%99%9F,,https://play4u.gov.taipei/News_Content.aspx?n=4773608F226124D4&sms=7B56BA5392EB632C&s=B0B6AE382B64FDD4,121.51629,25.06693,臺北市大同區大龍街129號
大同區,景化公園,00:00~24:00,無,有,https://www.google.com/maps/search/?api=1&query=%E8%87%BA%E5%8C%97%E5%B8%82%E5%A4%A7%E5%90%8C%E5%8D%80%E4%BC%8A%E5%AF%A7%E8%A1%979%E5%B7%B7%28%E6%99%AF%E5%8C%96%E8%A1%97%E5%B7%B7%E5%BC%84%E4%B8%AD%29,https://www.google.com/images/cleardot.gif,https://play4u.gov.taipei/News_Content.aspx?n=4773608F226124D4&sms=7B56BA5392EB632C&s=CC953699A52434B0,121.51276,25.06541,臺北市大同區伊寧街9巷(景化街巷弄中)
大安區,和平實驗小學,週六日09:00-15:30 (依防疫規定調整),有,有,https://www.google.com/maps/search/?api=1&query=%28106%29%E8%87%BA%E5%8C%97%E5%B8%82%E5%A4%A7%E5%AE%89%E5%8D%80%E6%95%A6%E5%8D%97%E8%A1%9776%E5%B7%B728%E8%99%9F,https://www.google.com/images/cleardot.gif,https://play4u.gov.taipei/News_Content.aspx?n=4773608F226124D4&sms=7B56BA5392EB632C&s=832F55F5F0D4785D,121.54671,25.02077,臺北市大安區敦南街76巷28號
大安區,建安國小,(一)週一至週五19:00~22:00(二)週六、週日05:00~18:00,無,有,https://www.google.com/maps/search/?api=1&query=%E8%87%BA%E5%8C%97%E5%B8%82%E5%A4%A7%E5%AE%89%E5%8D%80%E5%A4%A7%E5%AE%89%E8%B7%AF%E4%BA%8C%E6%AE%B599%E8%99%9F,https://www.google.com/images/cleardot.gif,https://play4u.gov.taipei/News_Content.aspx?n=4773608F226124D4&sms=7B56BA5392EB632C&s=744378149154FBCA,121.54615,25.02941,臺北市大安區大安路2段99號
中山區,花博公園美術園區,00:00~24:00,有,有,https://www.google.com/maps/search/?api=1&query=%E4%B8%AD%E5%B1%B1%E5%8C%97%E8%B7%AF%E4%BB%A5%E6%9D%B1%E6%B0%91%E6%97%8F%E6%9D%B1%E8%B7%AF%E4%BB%A5%E5%8C%97%28%E5%8E%9F%E6%B0%91%E6%97%8F%E5%85%AC%E5%9C%92%29,,https://play4u.gov.taipei/News_Content.aspx?n=4773608F226124D4&sms=7B56BA5392EB632C&s=D8DDB67A9F2724C3,121.52375,25.06884,臺北市中山區中山北路以東民族東路以北(原民族公園)
信義區,象山公園,00:00~24:00,無,有,https://www.google.com/maps/search/?api=1&query=%E4%BF%A1%E7%BE%A9%E8%B7%AF%E4%BA%94%E6%AE%B5150%E5%B7%B7%E6%97%81,https://www.google.com/images/cleardot.gif,https://play4u.gov.taipei/News_Content.aspx?n=4773608F226124D4&sms=7B56BA5392EB632C&s=0150CC245600BC72,121.57002,25.03017,臺北市信義區信義路5段150巷旁
中山區,榮星公園,00:00~24:00,有,有,https://www.google.com/maps/search/?api=1&query=%E6%B0%91%E6%AC%8A%E6%9D%B1%E8%B7%AF%E5%BB%BA%E5%9C%8B%E5%8C%97%E8%B7%AF%E4%BA%A4%E5%8F%89%E5%8F%A3%E6%A6%AE%E6%98%9F%E5%85%AC%E5%9C%92%E4%BD%8D%E7%BD%AE%E5%9C%96,https://www.google.com/images/cleardot.gif,https://play4u.gov.taipei/News_Content.aspx?n=4773608F226124D4&sms=7B56BA5392EB632C&s=32ED2A1E79875866,121.53847,25.06382,臺北市中山區民權東路與建國北路交叉口
內湖區,碧湖公園,00:00~24:00,有,有,https://www.google.com/maps/search/?api=1&query=%E5%85%A7%E6%B9%96%E8%B7%AF%E4%BA%8C%E6%AE%B5175%E8%99%9F%EF%BC%8C%E5%9C%8B%E7%AB%8B%E8%87%BA%E7%81%A3%E6%88%B2%E6%9B%B2%E5%AD%B8%E9%99%A2%E6%97%81,https://www.google.com/images/cleardot.gif,https://play4u.gov.taipei/News_Content.aspx?n=4773608F226124D4&sms=7B56BA5392EB632C&s=57680BDD3733F4A4,121.58574,25.08221,臺北市內湖區內湖路2段175號(國立臺灣戲曲學院旁)
南港區,中研公園,00:00~24:00,有,有,https://www.google.com/maps/search/?api=1&query=%E5%8D%97%E6%B8%AF%E5%8D%80%E7%A0%94%E7%A9%B6%E8%B7%AF2%E6%AE%B512%E5%B7%B758%E5%BC%84,https://www.google.com/images/cleardot.gif,https://play4u.gov.taipei/News_Content.aspx?n=4773608F226124D4&sms=7B56BA5392EB632C&s=5C910EE692CEADF9,121.61314,25.04676,臺北市南港區研究路2段12巷58弄
士林區,兒童新樂園(機械式),(一) 週二至週五：每日09:00~17:00(二) 寒暑假期間及連續假期(除收假日外)延長營運至20:00(三) 週六、週日或連續假期收假日延長營運至18:00(四) 週一及農曆除夕為休園日不對外開放(五) 營運時間如有調整將另行公告,無,有,https://www.google.com/maps/search/?api=1&query=%E8%87%BA%E5%8C%97%E5%B8%82%E5%A3%AB%E6%9E%97%E5%8D%80%E6%89%BF%E5%BE%B7%E8%B7%AF5%E6%AE%B555%E8%99%9F,https://www.google.com/images/cleardot.gif,https://play4u.gov.taipei/News_Content.aspx?n=4773608F226124D4&sms=7B56BA5392EB632C&s=D4D92846026D0EDB,121.51473,25.09715,臺北市士林區承德路5段55號 
士林區,兒童新樂園(非機械式),(一) 週二至週五：每日09:00~17:00(二) 寒暑假期間及連續假期(除收假日外)延長營運至20:00(三) 週六、週日或連續假期收假日延長營運至18:00(四) 週一及農曆除夕為休園日不對外開放(五) 營運時間如有調整將另行公告,有,有,https://www.google.com/maps/search/?api=1&query=%E8%87%BA%E5%8C%97%E5%B8%82%E5%A3%AB%E6%9E%97%E5%8D%80%E6%89%BF%E5%BE%B7%E8%B7%AF5%E6%AE%B555%E8%99%9F,https://www.google.com/images/cleardot.gif,https://play4u.gov.taipei/News_Content.aspx?n=4773608F226124D4&sms=7B56BA5392EB632C&s=8D88B656BFDEF08A,121.51473,25.09715,臺北市士林區承德路5段55號 
大安區,瑠公圳公園,00:00~24:00,無,有,https://www.google.com/maps/search/?api=1&query=%E5%A4%A7%E5%AE%89%E5%8D%80%E5%AE%89%E6%9D%B1%E8%A1%9740%E5%B7%B7%28%E5%85%AC%E5%9C%92%E5%85%A7%E7%84%A1%E9%9A%9C%E7%A4%99%E8%B7%AF%E7%B7%9A%E5%9C%96%29,https://www.google.com/images/cleardot.gif,https://play4u.gov.taipei/News_Content.aspx?n=4773608F226124D4&sms=7B56BA5392EB632C&s=F3085C5DE6371195,121.54047,25.04397,臺北市大安區安東街40巷
信義區,松德公園,00:00~24:00,無,有,https://www.google.com/maps/search/?api=1&query=%E4%BF%A1%E7%BE%A9%E5%8D%80%E6%9D%BE%E5%BE%B7%E8%B7%AF180%E5%B7%B78%E4%B9%8B1%E8%99%9F%E5%B0%8D%E9%9D%A2%28%E5%85%AC%E5%9C%92%E5%85%A7%E7%84%A1%E9%9A%9C%E7%A4%99%E8%B7%AF%E7%B7%9A%E5%9C%96%29,https://www.google.com/images/cleardot.gif,https://play4u.gov.taipei/News_Content.aspx?n=4773608F226124D4&sms=7B56BA5392EB632C&s=199C122D674C9C5D,121.57319,25.03553,臺北市信義區松德路180巷8之1號對面
南港區,東陽公園,00:00~24:00,無,有,https://www.google.com/maps/search/?api=1&query=%E5%8D%97%E6%B8%AF%E5%8D%80%E9%87%8D%E9%99%BD%E8%B7%AF187%E5%B7%B7%28%E5%85%AC%E5%9C%92%E5%85%A7%E7%84%A1%E9%9A%9C%E7%A4%99%E8%B7%AF%E7%B7%9A%E5%9C%96%29,https://www.google.com/images/cleardot.gif,https://play4u.gov.taipei/News_Content.aspx?n=4773608F226124D4&sms=7B56BA5392EB632C&s=9BD85DD7C90D6C01,121.59844,25.05733,臺北市南港區重陽路187巷
南港區,三重世貿公園,00:00~24:00,無,有,https://www.google.com/maps/search/?api=1&query=%E5%8D%97%E6%B8%AF%E5%8D%80%E7%B6%93%E8%B2%BF%E4%BA%8C%E8%B7%AF106%E5%B7%B7%28%E5%85%AC%E5%9C%92%E5%85%A7%E7%84%A1%E9%9A%9C%E7%A4%99%E8%B7%AF%E7%B7%9A%E5%9C%96%29,https://www.google.com/images/cleardot.gif,https://play4u.gov.taipei/News_Content.aspx?n=4773608F226124D4&sms=7B56BA5392EB632C&s=E79928B9C5D2427E,121.61523,25.05796,臺北市南港區經貿二路106巷
大同區,日新國小,週六、週日08:00~18:00,無,有,https://www.google.com/maps/search/?api=1&query=%E5%8F%B0%E5%8C%97%E5%B8%82%E5%A4%A7%E5%90%8C%E5%8D%80%E5%A4%AA%E5%8E%9F%E8%B7%AF151%E8%99%9F%E5%AD%B8%E6%A0%A1%E4%BD%8D%E7%BD%AE%E5%9C%96,https://www.google.com/images/cleardot.gif,https://play4u.gov.taipei/News_Content.aspx?n=4773608F226124D4&sms=7B56BA5392EB632C&s=4372EA9F79EADEC0,121.51667,25.0544,臺北市大同區太原路151號
士林區,天母夢想樂園,未明確標示 (戶外公園多為24H),無,有,https://www.google.com/maps/search/?api=1&query=110204%20%E8%87%BA%E5%8C%97%E5%B8%82%E4%BF%A1%E7%BE%A9%E5%8D%80%E5%B8%82%E5%BA%9C%E8%B7%AF1%E8%99%9F,https://www.google.com/images/cleardot.gif,https://play4u.gov.taipei/News_Content.aspx?n=4773608F226124D4&sms=7B56BA5392EB632C&s=CE9DDFC3318FCC70,121.53342,25.11387,臺北市士林區忠誠路2段
中山區,大佳河濱公園(第3期),全天開放,無,有,https://www.google.com/maps/search/?api=1&query=%E8%87%BA%E5%8C%97%E5%B8%82%E4%B8%AD%E5%B1%B1%E5%8D%80%E6%BF%B1%E6%B1%9F%E8%A1%97,https://www.google.com/images/cleardot.gif,https://play4u.gov.taipei/News_Content.aspx?n=4773608F226124D4&sms=7B56BA5392EB632C&s=C2D978FBEA86FA11,121.52962,25.07518,臺北市中山區濱江街
文山區,景美公園,00:00~24:00,無,有,https://www.google.com/maps/search/?api=1&query=%E6%96%87%E5%B1%B1%E5%8D%80%E8%82%B2%E8%8B%B1%E8%A1%9745%E5%B7%B7%E6%97%81%28%E5%85%AC%E5%9C%92%E5%85%A7%E7%84%A1%E9%9A%9C%E7%A4%99%E8%B7%AF%E7%B7%9A%E5%9C%96%29,https://www.google.com/images/cleardot.gif,https://play4u.gov.taipei/News_Content.aspx?n=4773608F226124D4&sms=7B56BA5392EB632C&s=8BEBE589822A3013,121.53773,24.9937,臺北市文山區育英街45巷旁
南港區,新新公園,00:00~24:00,無,有,https://www.google.com/maps/search/?api=1&query=%E5%8D%97%E6%B8%AF%E8%B7%AF3%E6%AE%B547%E5%B7%B726%E8%99%9F%28%E5%85%AC%E5%9C%92%E5%85%A7%E7%84%A1%E9%9A%9C%E7%A4%99%E8%B7%AF%E7%B7%9A%E5%9C%96%29,https://www.google.com/images/cleardot.gif,https://play4u.gov.taipei/News_Content.aspx?n=4773608F226124D4&sms=7B56BA5392EB632C&s=E5D8BCD9895C9B61,121.59052,25.05173,臺北市南港路3段47巷26號
文山區,興隆國小,週六、週日05:00~18:00,無,有,https://www.google.com/maps/search/?api=1&query=%E8%87%BA%E5%8C%97%E5%B8%82%E6%96%87%E5%B1%B1%E5%8D%80%E7%A6%8F%E8%88%88%E8%B7%AF2%E8%99%9F%E5%AD%B8%E6%A0%A1%E4%BD%8D%E7%BD%AE%E5%9C%96,https://www.google.com/images/cleardot.gif,https://play4u.gov.taipei/News_Content.aspx?n=4773608F226124D4&sms=7B56BA5392EB632C&s=954CDBCCFE03E44F,121.55193,25.0024,臺北市文山區福興路2號
萬華區,華中河濱公園,全天開放,無,有,https://www.google.com/maps/search/?api=1&query=%E8%87%BA%E5%8C%97%E5%B8%82%E8%90%AC%E8%8F%AF%E5%8D%80%E7%92%B0%E6%B2%B3%E5%8D%97%E8%B7%AF3%E6%AE%B5%E8%88%87%E6%AD%A6%E6%88%90%E8%A1%9763%E5%B7%B7%E4%BA%A4%E5%8F%89%E5%8F%A3%E9%99%84%E8%BF%91,https://www.google.com/images/cleardot.gif,https://play4u.gov.taipei/News_Content.aspx?n=4773608F226124D4&sms=7B56BA5392EB632C&s=5073BE013EDE59FD,121.49372,25.01852,臺北市萬華區環河南路3段與武成街63巷交叉口附近
南港區,南港公園,00:00~24:00,有,有,https://www.google.com/maps/search/?api=1&query=%E6%9D%B1%E6%96%B0%E8%A1%97170%E4%B9%8B1%E8%99%9F%28%E5%85%AC%E5%9C%92%E5%85%A7%E7%84%A1%E9%9A%9C%E7%A4%99%E8%B7%AF%E7%B7%9A%E5%9C%96%29,,https://play4u.gov.taipei/News_Content.aspx?n=4773608F226124D4&sms=7B56BA5392EB632C&s=A0AC2F7E195386D2,121.59059,25.04241,臺北市南港區東新街170之1號
士林區,前港公園,00:00~24:00,無,有,https://www.google.com/maps/search/?api=1&query=%E5%89%8D%E6%B8%AF%E8%A1%97134%E5%B7%B7%E6%97%81%28%E5%85%AC%E5%9C%92%E5%85%A7%E7%84%A1%E9%9A%9C%E7%A4%99%E8%B7%AF%E7%B7%9A%E5%9C%96%29,https://www.google.com/images/cleardot.gif,https://play4u.gov.taipei/News_Content.aspx?n=4773608F226124D4&sms=7B56BA5392EB632C&s=8E87AD00FBD0CDA4,121.52094,25.08651,臺北市士林區前港街134巷旁
中正區,中央藝文公園,00:00~24:00,有,有,https://www.google.com/maps/search/?api=1&query=%E5%8C%97%E5%B9%B3%E6%9D%B1%E8%B7%AF30%E8%99%9F%E5%89%8D,https://www.google.com/images/cleardot.gif,https://play4u.gov.taipei/News_Content.aspx?n=4773608F226124D4&sms=7B56BA5392EB632C&s=6A692C83A2717DA3,121.52791,25.04607,臺北市中正區北平東路30號前
中山區,大佳河濱公園(第2期),全天開放,無,有,https://www.google.com/maps/search/?api=1&query=%E8%87%BA%E5%8C%97%E5%B8%82%E4%B8%AD%E5%B1%B1%E5%8D%80%E6%BF%B1%E6%B1%9F%E8%A1%97,,https://play4u.gov.taipei/News_Content.aspx?n=4773608F226124D4&sms=7B56BA5392EB632C&s=E36701083960C759,121.52962,25.07518,臺北市中山區濱江街
士林區,臺北市立臺北特殊教育學校,上午 05:00 ～ 下午 09:30,無,有,https://www.google.com/maps/search/?api=1&query=%E5%8F%B0%E5%8C%97%E5%B8%82%E5%A3%AB%E6%9E%97%E5%8D%80%E5%BF%A0%E8%AA%A0%E8%B7%AF%E4%BA%8C%E6%AE%B5207%E5%B7%B73%E8%99%9F%E5%AD%B8%E6%A0%A1%E4%BD%8D%E7%BD%AE%E5%9C%96,https://www.google.com/images/cleardot.gif,https://play4u.gov.taipei/News_Content.aspx?n=4773608F226124D4&sms=7B56BA5392EB632C&s=9AB18CB6CB4EBEA5,121.5361,25.11658,臺北市士林區忠誠路2段207巷3號
士林區,芝山國小,平日18:00~21:00週六、週日08:00~21:00寒暑假: 16:00~21:00,無,有,https://www.google.com/maps/search/?api=1&query=%E5%8F%B0%E5%8C%97%E5%B8%82%E5%A3%AB%E6%9E%97%E5%8D%80%E5%BE%B7%E8%A1%8C%E6%9D%B1%E8%B7%AF285%E8%99%9F%E5%AD%B8%E6%A0%A1%E4%BD%8D%E7%BD%AE%E5%9C%96,https://www.google.com/images/cleardot.gif,https://play4u.gov.taipei/News_Content.aspx?n=4773608F226124D4&sms=7B56BA5392EB632C&s=A571C856159C2696,121.53648,25.1106,臺北市士林區德行東路285號
中正區,齊東公園,00:00~24:00,無,有,https://www.google.com/maps/search/?api=1&query=%E9%BD%8A%E6%9D%B1%E8%A1%9753%E5%B7%B7%E5%B7%B7%E5%8F%A3.%20%C2%A0%28%E5%85%AC%E5%9C%92%E5%85%A7%E7%84%A1%E9%9A%9C%E7%A4%99%E8%B7%AF%E7%B7%9A%E5%9C%96%29,https://www.google.com/images/cleardot.gif,https://play4u.gov.taipei/News_Content.aspx?n=4773608F226124D4&sms=7B56BA5392EB632C&s=C769E3FD81DEB14B,121.52837,25.04177,臺北市中正區齊東街53巷巷口
中正區,連雲公園,00:00~24:00,無,有,https://www.google.com/maps/search/?api=1&query=%E9%80%A3%E9%9B%B2%E8%A1%9737%E5%B7%B7%E8%88%87%E6%96%B0%E7%94%9F%E5%8D%97%E8%B7%AF%E4%B8%80%E6%AE%B5146%E5%B7%B7%E4%BA%A4%E5%8F%A3.%20%C2%A0%28%E5%85%AC%E5%9C%92%E5%85%A7%E7%84%A1%E9%9A%9C%E7%A4%99%E8%B7%AF%E7%B7%9A%E5%9C%96%29,,https://play4u.gov.taipei/News_Content.aspx?n=4773608F226124D4&sms=7B56BA5392EB632C&s=7FD4B030CA26EE1A,121.53189,25.0353,臺北市中正區連雲街37巷與新生南路一段146巷交口
文山區,辛亥生態公園,00:00~24:00,無,有,https://www.google.com/maps/search/?api=1&query=%E8%87%BA%E5%8C%97%E5%B8%82%E8%BE%9B%E4%BA%A5%E8%B7%AF4%E6%AE%B5186%E8%99%9F%E5%B0%8D%E9%9D%A2,https://www.google.com/images/cleardot.gif,https://play4u.gov.taipei/News_Content.aspx?n=4773608F226124D4&sms=7B56BA5392EB632C&s=23AB98D30B2DD5BF,121.55661,25.00316,臺北市辛亥路4段186號對面
萬華區,老松國小,週六13:00~21:30週日05:00~22:00,無,有,https://www.google.com/maps/search/?api=1&query=%E5%8F%B0%E5%8C%97%E5%B8%82%E8%90%AC%E8%8F%AF%E5%8D%80%E6%A1%82%E6%9E%97%E8%B7%AF64%E8%99%9F%E5%AD%B8%E6%A0%A1%E4%BD%8D%E7%BD%AE%E5%9C%96,https://www.google.com/images/cleardot.gif,https://play4u.gov.taipei/News_Content.aspx?n=4773608F226124D4&sms=7B56BA5392EB632C&s=465698F0ED2C5059,121.50277,25.03802,臺北市萬華區桂林路64號
內湖區,湖山6號公園,00:00~24:00,有,有,https://www.google.com/maps/search/?api=1&query=%E5%85%A7%E6%B9%96%E5%8D%80%E5%A4%A7%E6%B9%96%E8%A1%97166%E5%B7%B7%E5%A4%A7%E6%B9%96%E6%B4%BE%E5%87%BA%E6%89%80%E5%BE%8C%E6%96%B9,,https://play4u.gov.taipei/News_Content.aspx?n=4773608F226124D4&sms=7B56BA5392EB632C&s=7A9A669D0EF1585D,121.60191,25.0835,臺北市內湖區大湖街166巷大湖派出所後方
北投區,知行公園,00:00~24:00,無,有,https://www.google.com/maps/search/?api=1&query=%E8%87%BA%E5%8C%97%E5%B8%82%E5%8C%97%E6%8A%95%E5%8D%80%E7%9F%A5%E8%A1%8C%E8%B7%AF255%E5%B7%B7,https://www.google.com/images/cleardot.gif,https://play4u.gov.taipei/News_Content.aspx?n=4773608F226124D4&sms=7B56BA5392EB632C&s=A802CDE6D38385CA,121.46667,25.11973,臺北市北投區知行路255巷
松山區,民生公園,00:00~24:00,無,有,https://www.google.com/maps/search/?api=1&query=%E6%B0%91%E7%94%9F%E6%9D%B1%E8%B7%AF%E4%BA%94%E6%AE%B536%E5%B7%B74%E5%BC%84%E8%88%878%E5%BC%84%E9%96%93.%20%C2%A0%28%E5%85%AC%E5%9C%92%E5%85%A7%E7%84%A1%E9%9A%9C%E7%A4%99%E8%B7%AF%E7%B7%9A%E5%9C%96%29,https://www.google.com/images/cleardot.gif,https://play4u.gov.taipei/News_Content.aspx?n=4773608F226124D4&sms=7B56BA5392EB632C&s=08E75AE4E2358D54,121.55813,25.05742,臺北市松山區民生東路5段36巷4弄與8弄間
大安區,大安森林公園,00:00~24:00,無,有,https://www.google.com/maps/search/?api=1&query=%E4%BF%A1%E7%BE%A9%E8%B7%AF%E4%B8%89%E6%AE%B5100%E8%99%9F.%20%C2%A0%28%E5%85%AC%E5%9C%92%E5%85%A7%E7%84%A1%E9%9A%9C%E7%A4%99%E8%B7%AF%E7%B7%9A%E5%9C%96%29,https://www.google.com/images/cleardot.gif,https://play4u.gov.taipei/News_Content.aspx?n=4773608F226124D4&sms=7B56BA5392EB632C&s=E00F3054D0862C2B,121.53653,25.03239,臺北市大安區信義路3段100號
萬華區,青年公園(飛行探索遊戲場),00:00~24:00,無,有,https://www.google.com/maps/search/?api=1&query=%E9%9D%92%E5%B9%B4%E8%B7%AF188%E8%99%9F%E5%B0%8D%E9%9D%A2.,https://www.google.com/images/cleardot.gif,https://play4u.gov.taipei/News_Content.aspx?n=4773608F226124D4&sms=7B56BA5392EB632C&s=950FEC97353E3CB6,121.50367,25.02089,臺北市萬華區青年路188號對面
士林區,天母公園,00:00~24:00,有,有,https://www.google.com/maps/search/?api=1&query=%E4%B8%AD%E5%B1%B1%E5%8C%97%E8%B7%AF%E4%B8%83%E6%AE%B5141%E5%B7%B7%E6%97%81%28%E5%A4%A9%E6%AF%8D%E5%85%AC%E5%9C%92%E5%85%A7%29%28%E5%85%AC%E5%9C%92%E5%85%A7%E7%84%A1%E9%9A%9C%E7%A4%99%E8%B7%AF%E7%B7%9A%E5%9C%96%29,https://www.google.com/images/cleardot.gif,https://play4u.gov.taipei/News_Content.aspx?n=4773608F226124D4&sms=7B56BA5392EB632C&s=1D446894A971687F,121.53042,25.12593,臺北市士林區中山北路7段141巷旁(天母公園內)
士林區,美崙公園,00:00~24:00,無,有,https://www.google.com/maps/search/?api=1&query=%E8%87%BA%E5%8C%97%E5%B8%82%E5%A3%AB%E6%9E%97%E5%8D%80%E7%BE%8E%E5%B4%99%E8%A1%97152%E5%B7%B7%28%E7%BE%8E%E5%B4%99%E5%85%AC%E5%9C%92%E5%85%A7%29%28%E5%85%AC%E5%9C%92%E5%85%A7%E7%84%A1%E9%9A%9C%E7%A4%99%E8%B7%AF%E7%B7%9A%E5%9C%96%29,,https://play4u.gov.taipei/News_Content.aspx?n=4773608F226124D4&sms=7B56BA5392EB632C&s=F23D718C9B897900,121.51839,25.09731,臺北市士林區美崙街152巷(美崙公園內)
北投區,福星公園(公1公園),00:00~24:00,無,有,https://www.google.com/maps/search/?api=1&query=%E6%89%BF%E5%BE%B7%E8%B7%AF%E5%85%AD%E6%AE%B5%E8%88%87%E6%96%87%E6%9E%97%E5%8C%97%E8%B7%AF%E4%BA%A4%E5%8F%89%E5%8F%A3%28%E5%85%AC%E5%9C%92%E5%85%A7%E7%84%A1%E9%9A%9C%E7%A4%99%E8%B7%AF%E7%B7%9A%E5%9C%96%29,https://www.google.com/images/cleardot.gif,https://play4u.gov.taipei/News_Content.aspx?n=4773608F226124D4&sms=7B56BA5392EB632C&s=F25E9CABEADEDBB1,121.51322,25.10527,臺北市北投區承德路6段與文林北路交叉口
北投區,七虎公園,00:00~24:00,無,有,https://www.google.com/maps/search/?api=1&query=%E8%87%BA%E5%8C%97%E5%B8%82%E5%8C%97%E6%8A%95%E5%8D%80%E8%82%B2%E4%BB%81%E8%B7%AF108%E8%99%9F%28%E5%85%AC%E5%9C%92%E5%85%A7%E7%84%A1%E9%9A%9C%E7%A4%99%E8%B7%AF%E7%B7%9A%E5%9C%96%29,https://www.google.com/images/cleardot.gif,https://play4u.gov.taipei/News_Content.aspx?n=4773608F226124D4&sms=7B56BA5392EB632C&s=E0FD2DBA1FB5F688,121.5015,25.13615,臺北市北投區育仁路108號
士林區,福林公園,00:00~24:00,無,有,https://www.google.com/maps/search/?api=1&query=%E8%87%BA%E5%8C%97%E5%B8%82%E5%A3%AB%E6%9E%97%E5%8D%80%E4%B8%AD%E6%AD%A3%E8%B7%AF%E8%88%87%E7%A6%8F%E6%9E%97%E8%B7%AF%E9%96%93%28%E7%A6%8F%E6%9E%97%E5%85%AC%E5%9C%92%E5%85%A7%29%28%E5%85%AC%E5%9C%92%E5%85%A7%E7%84%A1%E9%9A%9C%E7%A4%99%E8%B7%AF%E7%B7%9A%E5%9C%96%29,,https://play4u.gov.taipei/News_Content.aspx?n=4773608F226124D4&sms=7B56BA5392EB632C&s=88888DF9B7701A6D,121.52997,25.09576,臺北市士林區中正路與福林路間(福林公園內)
中山區,花博公園新生園區,00:00~24:00,無,有,https://www.google.com/maps/search/?api=1&query=%E6%96%B0%E7%94%9F%E5%8C%97%E8%B7%AF%E4%B8%89%E6%AE%B5105%E8%99%9F%E6%97%81%28%E5%85%AC%E5%9C%92%E5%85%A7%E7%84%A1%E9%9A%9C%E7%A4%99%E8%B7%AF%E7%B7%9A%E5%9C%96%29,https://www.google.com/images/cleardot.gif,https://play4u.gov.taipei/News_Content.aspx?n=4773608F226124D4&sms=7B56BA5392EB632C&s=1ED7AE3AA592660C,121.5288,25.07023,臺北市中山區新生北路3段105號旁
北投區,洲美公園,00:00~24:00,無,有,https://www.google.com/maps/search/?api=1&query=%E7%A6%8F%E7%BE%8E%E8%B7%AF199%E8%99%9F%E6%97%81%28%E5%8C%97%E8%87%A8%E7%A6%8F%E7%BE%8E%E8%B7%AF%E3%80%81%E5%8D%97%E8%87%A8%E6%B4%B2%E7%BE%8E%E8%A1%97%E3%80%81%E6%9D%B1%E8%87%A8%E8%A8%88%E7%95%AB%E9%81%93%E8%B7%AF%E7%AF%84%E5%9C%8D%E5%85%A7%29%28%E5%85%AC%E5%9C%92%E5%85%A7%E7%84%A1%E9%9A%9C%E7%A4%99%E8%B7%AF%E7%B7%9A%E5%9C%96%29,https://www.google.com/images/cleardot.gif,https://play4u.gov.taipei/News_Content.aspx?n=4773608F226124D4&sms=7B56BA5392EB632C&s=7F54524793EF8F35,121.50618,25.10009,臺北市北投區福美路199號旁(北臨福美路、南臨洲美街、東臨計畫道路範圍內)
松山區,敦化公園,00:00~24:00,無,有,https://www.google.com/maps/search/?api=1&query=%E5%85%AB%E5%BE%B7%E8%B7%AF%E4%B8%89%E6%AE%B512%E5%B7%B752%E5%BC%842%E4%B9%8B1%E8%99%9F%E9%82%8A%28%E5%85%AC%E5%9C%92%E5%85%A7%E7%84%A1%E9%9A%9C%E7%A4%99%E8%B7%AF%E7%B7%9A%E5%9C%96%29,https://www.google.com/images/cleardot.gif,https://play4u.gov.taipei/News_Content.aspx?n=4773608F226124D4&sms=7B56BA5392EB632C&s=F49C325C72633EED,121.55054,25.04645,臺北市松山區八德路3段12巷52弄2之1號邊
松山區,慶城公園,00:00~24:00,無,有,https://www.google.com/maps/search/?api=1&query=%E6%85%B6%E5%9F%8E%E8%A1%9716%E5%B7%B7%E3%80%81%E5%8D%97%E4%BA%AC%E6%9D%B1%E8%B7%AF3%E6%AE%B5303%E5%B7%B7%28%E5%85%AC%E5%9C%92%E5%85%A7%E7%84%A1%E9%9A%9C%E7%A4%99%E8%B7%AF%E7%B7%9A%E5%9C%96%29,https://www.google.com/images/cleardot.gif,https://play4u.gov.taipei/News_Content.aspx?n=4773608F226124D4&sms=7B56BA5392EB632C&s=99420F5EAA431A30,121.5465,25.05337,臺北市松山區慶城街16巷、南京東路3段303巷
文山區,景美國小,週六、週日12:00~18:00,無,有,https://www.google.com/maps/search/?api=1&query=%E8%87%BA%E5%8C%97%E5%B8%82%E6%96%87%E5%B1%B1%E5%8D%80%E6%99%AF%E6%96%87%E8%A1%97108%E8%99%9F%E5%AD%B8%E6%A0%A1%E4%BD%8D%E7%BD%AE%E5%9C%96,https://www.google.com/images/cleardot.gif,https://play4u.gov.taipei/News_Content.aspx?n=4773608F226124D4&sms=7B56BA5392EB632C&s=8265876288BA5539,121.54078,24.98948,臺北市文山區景文街108號
信義區,三興國小,週六、週日05:00~18:00,無,有,https://www.google.com/maps/search/?api=1&query=%E8%87%BA%E5%8C%97%E5%B8%82%E4%BF%A1%E7%BE%A9%E5%8D%80%E5%9F%BA%E9%9A%86%E8%B7%AF%E4%BA%8C%E6%AE%B599%E8%99%9F%E5%AD%B8%E6%A0%A1%E4%BD%8D%E7%BD%AE%E5%9C%96,https://www.google.com/images/cleardot.gif,https://play4u.gov.taipei/News_Content.aspx?n=4773608F226124D4&sms=7B56BA5392EB632C&s=2D8D9E71C35D2E87,121.55833,25.02947,臺北市信義區基隆路2段99號
北投區,長安公園,00:00~24:00,無,有,https://www.google.com/maps/search/?api=1&query=%E8%87%BA%E5%8C%97%E5%B8%82%E5%8C%97%E6%8A%95%E5%8D%80%E8%82%B2%E4%BB%81%E8%B7%AF%28%E8%96%87%E9%96%A3%E5%9C%8B%E5%B0%8F%E6%97%81%29%28%E5%85%AC%E5%9C%92%E5%85%A7%E7%84%A1%E9%9A%9C%E7%A4%99%E8%B7%AF%E7%B7%9A%E5%9C%96%29,https://www.google.com/images/cleardot.gif,https://play4u.gov.taipei/News_Content.aspx?n=4773608F226124D4&sms=7B56BA5392EB632C&s=34D4BF2658676361,121.50025,25.13506,臺北市北投區育仁路(薇閣國小旁)
萬華區,錦德公園,00:00~24:00,無,有,https://www.google.com/maps/search/?api=1&query=%E5%BE%B7%E6%98%8C%E8%A1%97%E8%88%87%E8%A5%BF%E5%9C%92%E8%B7%AF%E4%BA%8C%E6%AE%B5281%E5%B7%B7%E4%BA%A4%E5%8F%89%E5%8F%A3%28%E5%85%AC%E5%9C%92%E5%85%A7%E7%84%A1%E9%9A%9C%E7%A4%99%E8%B7%AF%E7%B7%9A%E5%9C%96%29,https://www.google.com/images/cleardot.gif,https://play4u.gov.taipei/News_Content.aspx?n=4773608F226124D4&sms=7B56BA5392EB632C&s=E561E9A200D3C42E,121.49243,25.02335,臺北市萬華區德昌街與西園路2段281巷交叉口
大同區,玉泉公園,00:00~24:00,無,有,https://www.google.com/maps/search/?api=1&query=%E8%A5%BF%E5%AF%A7%E5%8C%97%E8%B7%AF28%E8%99%9F%28%E6%BA%AB%E6%B0%B4%E6%B8%B8%E6%B3%B3%E6%B1%A0%E5%A4%96%29%28%E5%85%AC%E5%9C%92%E5%85%A7%E7%84%A1%E9%9A%9C%E7%A4%99%E8%B7%AF%E7%B7%9A%E5%9C%96%29,https://www.google.com/images/cleardot.gif,https://play4u.gov.taipei/News_Content.aspx?n=4773608F226124D4&sms=7B56BA5392EB632C&s=D88854EA9D08FE2B,121.50715,25.04955,臺北市大同區西寧北路28號(溫水游泳池外)
大安區,錦安公園,00:00~24:00,無,有,https://www.google.com/maps/search/?api=1&query=%E9%87%91%E5%B1%B1%E5%8D%97%E8%B7%AF2%E6%AE%B5203%E5%B7%B7%E5%8F%8A%E9%BA%97%E6%B0%B4%E8%A1%97%E5%8F%A3%28%E5%85%AC%E5%9C%92%E5%85%A7%E7%84%A1%E9%9A%9C%E7%A4%99%E8%B7%AF%E7%B7%9A%E5%9C%96%29,https://www.google.com/images/cleardot.gif,https://play4u.gov.taipei/News_Content.aspx?n=4773608F226124D4&sms=7B56BA5392EB632C&s=DFEC6453AA31F93F,121.52805,25.02799,臺北市大安區金山南路2段203巷及麗水街口
大安區,和安公園,00:00~24:00,無,有,https://www.google.com/maps/search/?api=1&query=%E5%BE%A9%E8%88%88%E5%8D%97%E8%B7%AF1%E6%AE%B5313%E5%B7%B7%28%E5%85%AC%E5%9C%92%E5%85%A7%E7%84%A1%E9%9A%9C%E7%A4%99%E8%B7%AF%E7%B7%9A%E5%9C%96%29,https://www.google.com/images/cleardot.gif,https://play4u.gov.taipei/News_Content.aspx?n=4773608F226124D4&sms=7B56BA5392EB632C&s=3B4CCF6DB9AA73FB,121.54445,25.03456,臺北市大安區復興南路1段313巷
北投區,北投25號線形公園,00:00~24:00,無,有,https://www.google.com/maps/search/?api=1&query=%E5%8C%97%E6%8A%95%E8%B7%AF%E4%B8%80%E6%AE%B520%E8%99%9F%E6%97%81-%E8%A5%BF%E5%AE%89%E6%A9%8B%E4%B8%8B%28%E5%85%AC%E5%9C%92%E5%85%A7%E7%84%A1%E9%9A%9C%E7%A4%99%E8%B7%AF%E7%B7%9A%E5%9C%96%29,https://www-ws.gov.taipei/001/Upload/348/relpic/40754/8943337/79b6c48b-fa09-4605-8c99-e0c383e11caf.jpg,https://play4u.gov.taipei/News_Content.aspx?n=4773608F226124D4&sms=7B56BA5392EB632C&s=080C06BA7EF05955,121.50166,25.12321,臺北市北投區北投路一段20號旁-西安橋下
信義區,五分埔公園,00:00~24:00,無,有,https://www.google.com/maps/search/?api=1&query=%E4%B8%AD%E5%9D%A1%E5%8C%97%E8%B7%AF%E3%80%81%E6%9D%BE%E9%9A%86%E8%B7%AF%E5%8F%A3%28%E6%9D%BE%E5%B1%B1%E8%BB%8A%E7%AB%99%E5%89%8D%29%28%E5%85%AC%E5%9C%92%E5%85%A7%E7%84%A1%E9%9A%9C%E7%A4%99%E8%B7%AF%E7%B7%9A%E5%9C%96%29,https://www.google.com/images/cleardot.gif,https://play4u.gov.taipei/News_Content.aspx?n=4773608F226124D4&sms=7B56BA5392EB632C&s=090DF72CA2C4DD49,121.58024,25.04733,臺北市信義區中坡北路、松隆路口(松山車站前)
士林區,天母國小,週六、週日 05:00~19:00,無,有,https://www.google.com/maps/search/?api=1&query=110204%20%E8%87%BA%E5%8C%97%E5%B8%82%E4%BF%A1%E7%BE%A9%E5%8D%80%E5%B8%82%E5%BA%9C%E8%B7%AF1%E8%99%9F,https://www.google.com/images/cleardot.gif,https://play4u.gov.taipei/News_Content.aspx?n=4773608F226124D4&sms=7B56BA5392EB632C&s=A65688DA6327B148,121.52769,25.11998,臺北市士林區天玉街12號
中正區,市大附小,週六、週日08:30~16:00,無,有,https://www.google.com/maps/search/?api=1&query=110204%20%E8%87%BA%E5%8C%97%E5%B8%82%E4%BF%A1%E7%BE%A9%E5%8D%80%E5%B8%82%E5%BA%9C%E8%B7%AF1%E8%99%9F,https://www.google.com/images/cleardot.gif,https://play4u.gov.taipei/News_Content.aspx?n=4773608F226124D4&sms=7B56BA5392EB632C&s=FF79813E6D3BD253,121.51538,25.03592,臺北市中正區公園路29號
文山區,辛亥國小,18：30～21：30,無,有,https://www.google.com/maps/search/?api=1&query=110204%20%E8%87%BA%E5%8C%97%E5%B8%82%E4%BF%A1%E7%BE%A9%E5%8D%80%E5%B8%82%E5%BA%9C%E8%B7%AF1%E8%99%9F,https://play4u.gov.taipei/aplus2_1.jpg,https://play4u.gov.taipei/News_Content.aspx?n=4773608F226124D4&sms=7B56BA5392EB632C&s=7C26BA27142FE04E,121.55945,25.00626,臺北市文山區辛亥路四段103號
松山區,松山國小,週一至週五 19:00~22:00；週六、週日 08:00~18:00,無,有,https://www.google.com/maps/search/?api=1&query=110204%20%E8%87%BA%E5%8C%97%E5%B8%82%E4%BF%A1%E7%BE%A9%E5%8D%80%E5%B8%82%E5%BA%9C%E8%B7%AF1%E8%99%9F,https://play4u.gov.taipei/aplus2_1.jpg,https://play4u.gov.taipei/News_Content.aspx?n=4773608F226124D4&sms=7B56BA5392EB632C&s=6264A7D69F36C375,121.57883,25.05081,臺北市松山區八德路四段746號
文山區,武功國小,平日 19:00~21:30；週六、週日 08:00~21:30,無,有,https://www.google.com/maps/search/?api=1&query=110204%20%E8%87%BA%E5%8C%97%E5%B8%82%E4%BF%A1%E7%BE%A9%E5%8D%80%E5%B8%82%E5%BA%9C%E8%B7%AF1%E8%99%9F,https://www.google.com/images/cleardot.gif,https://play4u.gov.taipei/News_Content.aspx?n=4773608F226124D4&sms=7B56BA5392EB632C&s=9BACD8CABE6CBA63,121.53956,25.00361,臺北市文山區興隆路1段68號
中山區,長安國小,週六、週日08:00~17:00 ,無,有,https://www.google.com/maps/search/?api=1&query=110204%20%E8%87%BA%E5%8C%97%E5%B8%82%E4%BF%A1%E7%BE%A9%E5%8D%80%E5%B8%82%E5%BA%9C%E8%B7%AF1%E8%99%9F,https://play4u.gov.taipei/aplus2_1.jpg,https://play4u.gov.taipei/News_Content.aspx?n=4773608F226124D4&sms=7B56BA5392EB632C&s=3B9D1BF2225A50E9,121.53048,25.04976,臺北市中山區吉林路15號
南港區,修德國小,目前暫不對外開放,無,有,https://www.google.com/maps/search/?api=1&query=110204%20%E8%87%BA%E5%8C%97%E5%B8%82%E4%BF%A1%E7%BE%A9%E5%8D%80%E5%B8%82%E5%BA%9C%E8%B7%AF1%E8%99%9F,https://www.google.com/images/cleardot.gif,https://play4u.gov.taipei/News_Content.aspx?n=4773608F226124D4&sms=7B56BA5392EB632C&s=6CC2F881A661B3E4,121.5897,25.04543,臺北市南港區東新街118巷86號
信義區,廣慈博愛園區南區景觀遊戲場,00:00~24:00,無,有,https://www.google.com/maps/search/?api=1&query=110204%20%E8%87%BA%E5%8C%97%E5%B8%82%E4%BF%A1%E7%BE%A9%E5%8D%80%E5%B8%82%E5%BA%9C%E8%B7%AF1%E8%99%9F,https://www.google.com/images/cleardot.gif,https://play4u.gov.taipei/News_Content.aspx?n=4773608F226124D4&sms=7B56BA5392EB632C&s=9D6E39773488CC54,121.58187,25.03801,臺北市信義區福德街84巷(信義區行政中心北側)
內湖區,行善社會住宅共融式遊戲場,00:00~24:00,無,有,https://www.google.com/maps/search/?api=1&query=110204%20%E8%87%BA%E5%8C%97%E5%B8%82%E4%BF%A1%E7%BE%A9%E5%8D%80%E5%B8%82%E5%BA%9C%E8%B7%AF1%E8%99%9F,https://www.google.com/images/cleardot.gif,https://play4u.gov.taipei/News_Content.aspx?n=4773608F226124D4&sms=7B56BA5392EB632C&s=642C117D536FBC74,121.58153,25.06029,臺北市內湖區行善路258號
南港區,南港國小,週六、週日 05:00~18:00 ,無,有,https://www.google.com/maps/search/?api=1&query=110204%20%E8%87%BA%E5%8C%97%E5%B8%82%E4%BF%A1%E7%BE%A9%E5%8D%80%E5%B8%82%E5%BA%9C%E8%B7%AF1%E8%99%9F,https://www.google.com/images/cleardot.gif,https://play4u.gov.taipei/News_Content.aspx?n=4773608F226124D4&sms=7B56BA5392EB632C&s=8A06224B5623D459,121.61044,25.05749,臺北市南港區惠民街67號
內湖區,內湖國小,週六、週日09:00~17:00,無,有,https://www.google.com/maps/search/?api=1&query=110204%20%E8%87%BA%E5%8C%97%E5%B8%82%E4%BF%A1%E7%BE%A9%E5%8D%80%E5%B8%82%E5%BA%9C%E8%B7%AF1%E8%99%9F,https://www.google.com/images/cleardot.gif,https://play4u.gov.taipei/News_Content.aspx?n=4773608F226124D4&sms=7B56BA5392EB632C&s=BF7C3CF6B75AFDC1,121.58053,25.07975,臺北市內湖區內湖路二段41號
大同區,大橋國小,週一~五 19:00-22:00；週六~日 08:00-18:00,無,有,https://www.google.com/maps/search/?api=1&query=110204%20%E8%87%BA%E5%8C%97%E5%B8%82%E4%BF%A1%E7%BE%A9%E5%8D%80%E5%B8%82%E5%BA%9C%E8%B7%AF1%E8%99%9F,https://www.google.com/images/cleardot.gif,https://play4u.gov.taipei/News_Content.aspx?n=4773608F226124D4&sms=7B56BA5392EB632C&s=A5288B7556FC5604,121.51413,25.05429,臺北市大同區重慶北路二段2號
北投區,桃源國小,週六、週日08:00~18:00 ,無,有,https://www.google.com/maps/search/?api=1&query=110204%20%E8%87%BA%E5%8C%97%E5%B8%82%E4%BF%A1%E7%BE%A9%E5%8D%80%E5%B8%82%E5%BA%9C%E8%B7%AF1%E8%99%9F,https://play4u.gov.taipei/aplus2_1.jpg,https://play4u.gov.taipei/News_Content.aspx?n=4773608F226124D4&sms=7B56BA5392EB632C&s=D59D526AAB432DE3,121.48368,25.13968,臺北市北投區中央北路三段40巷45號
松山區,民權公園,00:00~24:00,無,有,https://www.google.com/maps/search/?api=1&query=%E5%AF%8C%E9%8C%A6%E8%A1%97359%E5%B7%B72%E5%BC%84%EF%BC%8C%E6%B0%91%E6%AC%8A%E5%9C%8B%E5%B0%8F%E6%97%81,https://www.google.com/images/cleardot.gif,https://play4u.gov.taipei/News_Content.aspx?n=4773608F226124D4&sms=7B56BA5392EB632C&s=C5DF1B9459C34DE2,121.558667,25.061708,臺北市松山區富錦街359巷2弄，民權國小旁
萬華區,孝德公園,00:00~24:00,無,有,https://www.google.com/maps/search/?api=1&query=%E8%90%AC%E8%8F%AF%E5%8D%80%E5%AF%B6%E8%88%88%E8%A1%97140%E5%B7%B7%E8%88%87140%E5%B7%B717%E5%BC%84%E4%BA%A4%E5%8F%89%E5%8F%A3%28%E5%85%AC%E5%9C%92%E5%85%A7%E7%84%A1%E9%9A%9C%E7%A4%99%E8%B7%AF%E7%B7%9A%E5%9C%96%29,https://www.google.com/images/cleardot.gif,https://play4u.gov.taipei/News_Content.aspx?n=4773608F226124D4&sms=7B56BA5392EB632C&s=BD5D627E0EDF1A60,121.494155,25.023903,臺北市萬華區寶興街140巷與140巷17弄交叉口
萬華區,柳鄉公園,00:00~24:00,無,有,https://www.google.com/maps/search/?api=1&query=%E8%90%AC%E8%8F%AF%E5%8D%80%E7%92%B0%E6%B2%B3%E5%8D%97%E8%B7%AF2%E6%AE%B5100%E5%B7%B7%E5%85%A7%28%E5%85%AC%E5%9C%92%E5%85%A7%E7%84%A1%E9%9A%9C%E7%A4%99%E8%B7%AF%E7%B7%9A%E5%9C%96%29,https://www.google.com/images/cleardot.gif,https://play4u.gov.taipei/News_Content.aspx?n=4773608F226124D4&sms=7B56BA5392EB632C&s=F1CE2A9EFA257656,121.495397,25.037266,臺北市萬華區環河南路2段100巷內
士林區,忠誠公園,00:00~24:00,無,有,https://www.google.com/maps/search/?api=1&query=%E4%B8%AD%E5%B1%B1%E5%8C%97%E8%B7%AF%E5%85%AD%E6%AE%B5%E8%88%87%E5%BF%A0%E8%AA%A0%E8%B7%AF%E4%B8%80%E6%AE%B5%E4%BA%A4%E5%8F%89%E5%8F%A3%28%E5%85%AC%E5%9C%92%E5%85%A7%E7%84%A1%E9%9A%9C%E7%A4%99%E8%B7%AF%E7%B7%9A%E5%9C%96%29,https://www.google.com/images/cleardot.gif,https://play4u.gov.taipei/News_Content.aspx?n=4773608F226124D4&sms=7B56BA5392EB632C&s=A918CD09FE89D1AE,121.52588,25.103549,臺北市士林區中山北路六段與忠誠路一段交叉口
北投區,前山公園,00:00~24:00,無,有,https://www.google.com/maps/search/?api=1&query=%E8%87%BA%E5%8C%97%E5%B8%82%E5%8C%97%E6%8A%95%E5%8D%80%E5%BB%BA%E5%9C%8B%E8%A1%974%E8%99%9F%E6%97%81%E5%8F%8A%E7%B4%97%E5%B8%BD%E8%B7%AF117%E8%99%9F%E5%B0%8D%E9%9D%A2%28%E5%85%AC%E5%9C%92%E5%85%A7%E7%84%A1%E9%9A%9C%E7%A4%99%E8%B7%AF%E7%B7%9A%E5%9C%96%29,https://www.google.com/images/cleardot.gif,https://play4u.gov.taipei/News_Content.aspx?n=4773608F226124D4&sms=7B56BA5392EB632C&s=E35B35920E61F340,121.548282,25.151253,臺北市北投區建國街4號旁及紗帽路117號對面
北投區,北投22號線形公園,00:00~24:00,無,有,https://www.google.com/maps/search/?api=1&query=%E8%87%BA%E5%8C%97%E5%B8%82%E5%8C%97%E6%8A%95%E5%8D%80%E6%9D%B1%E8%8F%AF%E8%A1%97%E4%BA%8C%E6%AE%B5202%E8%99%9F%E5%B0%8D%E9%9D%A2%28%E5%85%AC%E5%9C%92%E5%85%A7%E7%84%A1%E9%9A%9C%E7%A4%99%E8%B7%AF%E7%B7%9A%E5%9C%96%29,https://www.google.com/images/cleardot.gif,https://play4u.gov.taipei/News_Content.aspx?n=4773608F226124D4&sms=7B56BA5392EB632C&s=DC02EB86573A2C19,121.510066,25.120139,臺北市北投區東華街二段202號對面
北投區,北投19號線形公園,00:00~24:00,無,有,https://www.google.com/maps/search/?api=1&query=%E6%9D%B1%E8%8F%AF%E8%A1%97%E4%BA%8C%E6%AE%B536%E8%99%9F%E5%B0%8D%E9%9D%A2%28%E6%8D%B7%E9%81%8B%E6%B7%A1%E6%B0%B4%E7%B7%9A%E6%A9%8B%E4%B8%8B%29%28%E5%85%AC%E5%9C%92%E5%85%A7%E7%84%A1%E9%9A%9C%E7%A4%99%E8%B7%AF%E7%B7%9A%E5%9C%96%29,https://www.google.com/images/cleardot.gif,https://play4u.gov.taipei/News_Content.aspx?n=4773608F226124D4&sms=7B56BA5392EB632C&s=6DBE18CFCF752C57,121.513944,25.116804,臺北市北投區東華街二段36號對面(捷運淡水線橋下)
信義區,永吉公園,00:00~24:00,無,有,https://www.google.com/maps/search/?api=1&query=%E6%B0%B8%E5%90%89%E8%B7%AF278%E5%B7%B757%E5%BC%84%E5%85%A7%28%E5%85%AC%E5%9C%92%E5%85%A7%E7%84%A1%E9%9A%9C%E7%A4%99%E8%B7%AF%E7%B7%9A%E5%9C%96%29,https://www.google.com/images/cleardot.gif,https://play4u.gov.taipei/News_Content.aspx?n=4773608F226124D4&sms=7B56BA5392EB632C&s=D46E7FE3E6E7464A,121.575066,25.043622,臺北市信義區永吉路278巷57弄內
大同區,迪化污水處理廠附設休閒運動公園共融式遊戲場,未明確標示 (戶外公園多為24H),無,有,https://www.google.com/maps/search/?api=1&query=110204%20%E8%87%BA%E5%8C%97%E5%B8%82%E4%BF%A1%E7%BE%A9%E5%8D%80%E5%B8%82%E5%BA%9C%E8%B7%AF1%E8%99%9F,https://www.google.com/images/cleardot.gif,https://play4u.gov.taipei/News_Content.aspx?n=4773608F226124D4&sms=7B56BA5392EB632C&s=098577B77672CD9A,121.50972,25.0747,臺北市大同區延平北路4段200號(酒泉街與敦煌路區間路段)
大安區,銘傳國小,週一~週五17:50~21:30,無,有,https://www.google.com/maps/search/?api=1&query=110204%20%E8%87%BA%E5%8C%97%E5%B8%82%E4%BF%A1%E7%BE%A9%E5%8D%80%E5%B8%82%E5%BA%9C%E8%B7%AF1%E8%99%9F,https://www.google.com/images/cleardot.gif,https://play4u.gov.taipei/News_Content.aspx?n=4773608F226124D4&sms=7B56BA5392EB632C&s=AB64B85ABC18B917,121.53565,25.01404,臺北市大安區羅斯福路4段21號
文山區,永建國小,週六、週日05:00~21:00,無,有,https://www.google.com/maps/search/?api=1&query=110204%20%E8%87%BA%E5%8C%97%E5%B8%82%E4%BF%A1%E7%BE%A9%E5%8D%80%E5%B8%82%E5%BA%9C%E8%B7%AF1%E8%99%9F,https://www.google.com/images/cleardot.gif,https://play4u.gov.taipei/News_Content.aspx?n=4773608F226124D4&sms=7B56BA5392EB632C&s=E0D275EB758266BC,121.55537,24.98867,臺北市文山區木柵路1段311巷1號
北投區,軟橋公園,00:00~24:00,無,有,https://www.google.com/maps/search/?api=1&query=%E6%96%87%E6%9E%97%E5%8C%97%E8%B7%AF5%E5%B7%B758%E8%99%9F%28%E5%85%AC%E5%9C%92%E5%85%A7%E7%84%A1%E9%9A%9C%E7%A4%99%E8%B7%AF%E7%B7%9A%E5%9C%96%29,https://www.google.com/images/cleardot.gif,https://play4u.gov.taipei/News_Content.aspx?n=4773608F226124D4&sms=7B56BA5392EB632C&s=73284DC89CF34499,121.51761,25.10287,臺北市北投區文林北路5巷58號
